{
    "batch_size": 128,
    "best_valid_measure": Infinity,
    "epoch": 7,
    "last_improvement": 0,
    "last_improvement_epoch": 0,
    "learning_rate": 0.001,
    "num_increases_bs": 0,
    "num_reductions_lr": 0,
    "steps": 4739,
    "test_stats": {
        "combined": {
            "accuracy": [],
            "loss": []
        },
        "label": {
            "accuracy": [],
            "hits_at_k": [],
            "loss": []
        }
    },
    "train_stats": {
        "combined": {
            "accuracy": [
                0.8397791331669902,
                0.860814619720913,
                0.9029086960539692,
                0.9096894926531743,
                0.9265201922188337,
                0.9267743276961464,
                0.9368588855004158
            ],
            "loss": [
                0.5002992504152658,
                0.42443685270085063,
                0.29134759389806636,
                0.2754975287203273,
                0.2300759306203833,
                0.2227947199485646,
                0.19569373982922778
            ]
        },
        "label": {
            "accuracy": [
                0.8397791331669902,
                0.860814619720913,
                0.9029086960539692,
                0.9096894926531743,
                0.9265201922188337,
                0.9267743276961464,
                0.9368588855004158
            ],
            "hits_at_k": [
                0.9735237039090657,
                0.981274835967101,
                0.9878592551520192,
                0.989280103502449,
                0.9910821550688476,
                0.9919600776268367,
                0.9929997227612974
            ],
            "loss": [
                0.5002992504152658,
                0.42443685270085063,
                0.29134759389806636,
                0.2754975287203273,
                0.2300759306203833,
                0.2227947199485646,
                0.19569373982922778
            ]
        }
    },
    "vali_stats": {
        "combined": {
            "accuracy": [],
            "loss": []
        },
        "label": {
            "accuracy": [],
            "hits_at_k": [],
            "loss": []
        }
    }
}